{
    "variables": {
        "a": {
            "0": 423.0769230769231,
            "1": 1346.1538461538462
        }
    },
    "objective": 1684.6153846153848
}