{
    "variables": {
        "a1": {
            "0": 42.307692307692314,
            "1": 134.6153846153846
        },
        "a2": {
            "0": 0.0,
            "1": 0.0
        }
    },
    "objective": 1684.6153846153848
}